--Drop tables if they exist
DROP TABLE student CASCADE CONSTRAINTS;

DROP TABLE course CASCADE CONSTRAINTS;

DROP TABLE section CASCADE CONSTRAINTS;

DROP TABLE grade_report CASCADE CONSTRAINTS;

DROP TABLE prerequisite CASCADE CONSTRAINTS;

--Create the required tables
CREATE TABLE student (
    student_number INTEGER,
    student_name   VARCHAR(64),
    class_number   INTEGER,
    major          VARCHAR(16),
    PRIMARY KEY ( student_number )
);

CREATE TABLE course (
    course_name   VARCHAR(64),
    course_number VARCHAR(32),
    credit_hours  INTEGER,
    department    VARCHAR(16),
    PRIMARY KEY ( course_number )
);

CREATE TABLE section (
    section_identifier INTEGER,
    course_number      VARCHAR(32),
    semester           VARCHAR(64),
    year               INTEGER,
    instructor         VARCHAR(64),
    PRIMARY KEY ( course_number )
);

CREATE TABLE grade_report (
    student_number     INTEGER,
    section_identifier INTEGER,
    grade              CHAR(1),
    PRIMARY KEY ( student_number )
);

CREATE TABLE prerequisite (
    course_number       VARCHAR(32),
    prerequisite_number VARCHAR(16),
    PRIMARY KEY ( course_number )
);

--Populate TABLES
--pop STUDENT
INSERT INTO STUDENT (STUDENT_NUMBER, STUDENT_NAME, CLASS_NUMBER, MAJOR) VALUES (0, 'Joe', 1, 'CS');
INSERT INTO STUDENT (STUDENT_NUMBER, STUDENT_NAME, CLASS_NUMBER, MAJOR) VALUES (1, 'Billy', 2, 'MATH');
INSERT INTO STUDENT (STUDENT_NUMBER, STUDENT_NAME, CLASS_NUMBER, MAJOR) VALUES (2, 'Sarah', 1, 'CS');
INSERT INTO STUDENT (STUDENT_NUMBER, STUDENT_NAME, CLASS_NUMBER, MAJOR) VALUES (3, 'Austin', 3, 'MATH');
INSERT INTO STUDENT (STUDENT_NUMBER, STUDENT_NAME, CLASS_NUMBER, MAJOR) VALUES (4, 'Patel', 1, 'CS');
INSERT INTO STUDENT (STUDENT_NUMBER, STUDENT_NAME, CLASS_NUMBER, MAJOR) VALUES (5, 'Smith', 3, 'ARTS');
INSERT INTO STUDENT (STUDENT_NUMBER, STUDENT_NAME, CLASS_NUMBER, MAJOR) VALUES (6, 'Brown', 2, 'CS');
INSERT INTO STUDENT (STUDENT_NUMBER, STUDENT_NAME, CLASS_NUMBER, MAJOR) VALUES 7, 'Will', 1, 'HISTORY');
INSERT INTO STUDENT (STUDENT_NUMBER, STUDENT_NAME, CLASS_NUMBER, MAJOR) VALUES (8, 'Son', 2, 'ARTS');
INSERT INTO STUDENT (STUDENT_NUMBER, STUDENT_NAME, CLASS_NUMBER, MAJOR) VALUES (9, 'Giorno', 1, 'MATH');


--pop COURSE
INSERT INTO COURSE (COURSE_NAME, COURSE_NUMBER, CREDIT_HOURS, DEPARTMENT) VALUES ('Intro to Computer Science', 'CS1310', 4, 'CS');
INSERT INTO COURSE (COURSE_NAME, COURSE_NUMBER, CREDIT_HOURS, DEPARTMENT) VALUES ('Data Structures', 'CS3220', 1, 'CS');
INSERT INTO COURSE (COURSE_NAME, COURSE_NUMBER, CREDIT_HOURS, DEPARTMENT) VALUES ('Database', 'CS3380', 2, 'CS');
INSERT INTO COURSE (COURSE_NAME, COURSE_NUMBER, CREDIT_HOURS, DEPARTMENT) VALUES ('Discrete Mathematics', 'MATH2140', 6, 'MATH');
INSERT INTO COURSE (COURSE_NAME, COURSE_NUMBER, CREDIT_HOURS, DEPARTMENT) VALUES ('Intro to Art', 'ARTS1310', 3, 'ARTS');
INSERT INTO COURSE (COURSE_NAME, COURSE_NUMBER, CREDIT_HOURS, DEPARTMENT) VALUES ('Intro to History', 'HISTORY1000', 4, 'HISTORY');
INSERT INTO COURSE (COURSE_NAME, COURSE_NUMBER, CREDIT_HOURS, DEPARTMENT) VALUES ('LINEAR ALGEBRA', 'MATH2620', 2, 'MATH');
INSERT INTO COURSE (COURSE_NAME, COURSE_NUMBER, CREDIT_HOURS, DEPARTMENT) VALUES ('Art II', 'ARTS2410', 4, 'ARTS');
INSERT INTO COURSE (COURSE_NAME, COURSE_NUMBER, CREDIT_HOURS, DEPARTMENT) VALUES ('WW2 HISTORY', 'HISTORY2111', 3, 'HISTORY');
INSERT INTO COURSE (COURSE_NAME, COURSE_NUMBER, CREDIT_HOURS, DEPARTMENT) VALUES ('Database II', 'CS3333', 4, 'CS');

--pop SECTION
INSERT INTO SECTION (SECTION_IDENTIFIER, COURSE_NUMBER, SEMESTER, YEAR, INSTRUCTOR) VALUES (1, 'CS1310',  'FALL', 24, 'King');
INSERT INTO SECTION (SECTION_IDENTIFIER, COURSE_NUMBER, SEMESTER, YEAR, INSTRUCTOR) VALUES (2, 'CS3220',  'FALL', 24, 'Anderson');
INSERT INTO SECTION (SECTION_IDENTIFIER, COURSE_NUMBER, SEMESTER, YEAR, INSTRUCTOR) VALUES (3, 'CS3380',  'SPRING', 25, 'Kruth');
INSERT INTO SECTION (SECTION_IDENTIFIER, COURSE_NUMBER, SEMESTER, YEAR, INSTRUCTOR) VALUES (4, 'MATH2140',  'FALL', 24, 'Chang');
INSERT INTO SECTION (SECTION_IDENTIFIER, COURSE_NUMBER, SEMESTER, YEAR, INSTRUCTOR) VALUES (5, 'ARTS1310',  'SPRING', 26, 'Anderson');
INSERT INTO SECTION (SECTION_IDENTIFIER, COURSE_NUMBER, SEMESTER, YEAR, INSTRUCTOR) VALUES (6, 'HISTORY1000',  'FALL', 24, 'Stone');
INSERT INTO SECTION (SECTION_IDENTIFIER, COURSE_NUMBER, SEMESTER, YEAR, INSTRUCTOR) VALUES (7, 'MATH2620',  'FALL', 24, 'Jane');
INSERT INTO SECTION (SECTION_IDENTIFIER, COURSE_NUMBER, SEMESTER, YEAR, INSTRUCTOR) VALUES (8, 'ARTS2410',  'FALL', 25, 'King');
INSERT INTO SECTION (SECTION_IDENTIFIER, COURSE_NUMBER, SEMESTER, YEAR, INSTRUCTOR) VALUES (9, 'HISTORY2111',  'SPRING', 24, 'Sally');
INSERT INTO SECTION (SECTION_IDENTIFIER, COURSE_NUMBER, SEMESTER, YEAR, INSTRUCTOR) VALUES (10, 'CS3333',  'FALL', 24, 'Frank');

--pop GRADE_REPORT
INSERT INTO GRADE_REPORT (STUDENT_NUMBER, SECTION_IDENTIFIER, GRADE) VALUES (0, 1, 'A');
INSERT INTO GRADE_REPORT (STUDENT_NUMBER, SECTION_IDENTIFIER, GRADE) VALUES (1, 2, 'B');
INSERT INTO GRADE_REPORT (STUDENT_NUMBER, SECTION_IDENTIFIER, GRADE) VALUES (2, 3, 'C');
INSERT INTO GRADE_REPORT (STUDENT_NUMBER, SECTION_IDENTIFIER, GRADE) VALUES (3, 4, 'B');
INSERT INTO GRADE_REPORT (STUDENT_NUMBER, SECTION_IDENTIFIER, GRADE) VALUES (4, 5, 'A');
INSERT INTO GRADE_REPORT (STUDENT_NUMBER, SECTION_IDENTIFIER, GRADE) VALUES (5, 6, 'A');
INSERT INTO GRADE_REPORT (STUDENT_NUMBER, SECTION_IDENTIFIER, GRADE) VALUES (6, 7, 'B');
INSERT INTO GRADE_REPORT (STUDENT_NUMBER, SECTION_IDENTIFIER, GRADE) VALUES (7, 8, 'B');
INSERT INTO GRADE_REPORT (STUDENT_NUMBER, SECTION_IDENTIFIER, GRADE) VALUES (8, 9, 'C');
INSERT INTO GRADE_REPORT (STUDENT_NUMBER, SECTION_IDENTIFIER, GRADE) VALUES (9, 10, 'A');

--pop PREREQUISITE
INSERT INTO PREREQUISITE (COURSE_NUMBER, PREREQUISITE_NUMBER) VALUES ('ARTS2410', 'ARTS1310' );
INSERT INTO PREREQUISITE (COURSE_NUMBER, PREREQUISITE_NUMBER) VALUES ('HISTORY2111', 'HISTORY1000');
INSERT INTO PREREQUISITE (COURSE_NUMBER, PREREQUISITE_NUMBER) VALUES ('CS3380', 'CS1310');
INSERT INTO PREREQUISITE (COURSE_NUMBER, PREREQUISITE_NUMBER) VALUES ('CS3333', 'CS3380' );

